Workbook

Sheet Overview
A1: RFID TRACKING SYSTEM — MASTER DATA
A2: GTIN 00242041150003 · paired with rfid_tracker.html dashboard
A4: System Summary
A6: Product GTIN | B6: 00242041150003
A7: Company Prefix | B7: 0242041 (7 digits, GS1 partition 5)
A8: EPC Encoding | B8: SGTIN-96 (96-bit, header 0x30, filter 1, partition 5)
A9: Total Tagged Items | B9: =COUNTA('Tag Inventory'!A2:A1000) -> 5
A10: Zones | B10: =COUNTA(Zones!A2:A1000) -> 4
A11: Antennas | B11: =COUNTA(Antennas!A2:A1000) -> 4
A12: RF Readers (Radars) | B12: =COUNTA(Readers!A2:A1000) -> 2
A13: TX Power | B13: 30 dBm
A14: Frequency Band | B14: 902–928 MHz (FCC UHF, EPC Gen2)
A15: Path-Loss Exponent (n) | B15: 2.4
A16: Reference RSSI @ 1m | B16: -32 dBm
A17: Max Read Range | B17: 8.0 m
A20: Sheet Index
A22: Tag Inventory | B22: 5 tags · EPC (SGTIN-96), GTIN, Serial, Color, Home Zone
A23: Zones | B23: 4 zones · MAC, Reader, position (m), dimensions
A24: Antennas | B24: 4 antennas · MAC, Reader, Zone, port, position (m)
A25: Readers | B25: 2 radars · MAC pool, zones served
A26: RSSI Reference | B26: Distance → expected RSSI (uses path-loss formula)
A27: Read Log | B27: Empty template matching the CSV exported from the dashboard

Sheet Tag Inventory
A1: Serial | B1: Name | C1: Color | D1: Hex | E1: Home Zone | F1: GTIN | G1: EPC (SGTIN-96) | H1: Filter | I1: Partition
A2: 00001 | B2: Blue dot | C2: Blue | D2: #60A5FA | E2: A | F2: 00242041150003 | G2: 30340EC5E40EA60000000001 | H2: 1 | I2: 5
A3: 00002 | B3: Red dot | C3: Red | D3: #F87171 | E3: B | F3: 00242041150003 | G3: 30340EC5E40EA60000000002 | H3: 1 | I3: 5
A4: 00003 | B4: Yellow dot | C4: Yellow | D4: #FACC15 | E4: C | F4: 00242041150003 | G4: 30340EC5E40EA60000000003 | H4: 1 | I4: 5
A5: 00004 | B5: Green dot | C5: Green | D5: #4ADE80 | E5: D | F5: 00242041150003 | G5: 30340EC5E40EA60000000004 | H5: 1 | I5: 5
A6: 00005 | B6: Purple dot | C6: Purple | D6: #C084FC | E6: A | F6: 00242041150003 | G6: 30340EC5E40EA60000000005 | H6: 1 | I6: 5

Sheet Zones
A1: Zone ID | B1: Name | C1: MAC Address | D1: Reader | E1: Origin X (m) | F1: Origin Y (m) | G1: Width (m) | H1: Height (m) | I1: Area (m²)
A2: A | B2: Door | C2: 16:12:D5 | D2: Radar 1 | E2: 1.5 | F2: 2 | G2: 5 | H2: 3.25 | I2: =G2*H2 -> 16.25
A3: B | B3: Conveyor | C3: 13:A6:DF | D3: Radar 1 | E3: 8 | F3: 5.5 | G3: 3.5 | H3: 2.5 | I3: =G3*H3 -> 8.75
A4: C | B4: Front North | C4: 13:A6:48 | D4: Radar 2 | E4: 12.5 | F4: 4.5 | G4: 5 | H4: 4 | I4: =G4*H4 -> 20
A5: D | B5: Back South | C5: 13:A6:48 | D5: Radar 2 | E5: 3 | F5: 10 | G5: 6 | H5: 3.5 | I5: =G5*H5 -> 21

Sheet Antennas
A1: Antenna ID | B1: MAC Address | C1: Reader | D1: Zone | E1: Port | F1: Position X (m) | G1: Position Y (m) | H1: TX Power (dBm) | I1: Polarization
A2: ANT-01 | B2: 16:12:D5 | C2: Radar 1 | D2: A | E2: 1 | F2: 4 | G2: 3.6 | H2: 30 | I2: Circular
A3: ANT-02 | B3: 13:A6:DF | C3: Radar 1 | D3: B | E3: 2 | F3: 9.75 | G3: 6.75 | H3: 30 | I3: Circular
A4: ANT-03 | B4: 13:A6:48 | C4: Radar 2 | D4: C | E4: 1 | F4: 15 | G4: 6.5 | H4: 30 | I4: Circular
A5: ANT-04 | B5: 13:A6:48 | C5: Radar 2 | D5: D | E5: 2 | F5: 6 | G5: 11.75 | H5: 30 | I5: Circular

Sheet Readers
A1: Reader ID | B1: Name | C1: MAC Pool | D1: Zones Served | E1: Antenna Count | F1: TX Power | G1: Frequency | H1: Protocol
A2: R1 | B2: Radar 1 | C2: 16:12:D5, 13:A6:DF | D2: A, B | E2: =COUNTIF(Antennas!C:C, B2) -> 2 | F2: 30 dBm | G2: 902–928 MHz | H2: EPC Class-1 Gen-2 (ISO 18000-63)
A3: R2 | B3: Radar 2 | C3: 13:A6:48 | D3: C, D | E3: =COUNTIF(Antennas!C:C, B3) -> 2 | F3: 30 dBm | G3: 902–928 MHz | H3: EPC Class-1 Gen-2 (ISO 18000-63)

Sheet RSSI Reference
A1: RSSI vs. Distance (log-distance path-loss model)
A2: RSSI(dBm) = RSSI_REF − 10·n·log10(d / 1m) · N(0, σ²) noise
A4: Parameter | B4: Value
A5: RSSI_REF (dBm @ 1m) | B5: -32
A6: Path-Loss Exponent n | B6: 2.4
A7: Read Range (m) | B7: 8
A8: Noise σ (dB) | B8: 1.5
A10: Distance (m) | B10: Expected RSSI (dBm) | C10: Signal Quality | D10: In Range?
A11: 0.5 | B11: =$B$5-10*$B$6*LOG10(MAX(A11,0.3)) -> -24.77528 | C11: =IF(B11>-50,"Strong",IF(B11>-65,"Medium",IF(B11>-80,"Weak","No Read"))) -> Strong | D11: =IF(A11<=$B$7,"YES","NO") -> YES
A12: 1 | B12: =$B$5-10*$B$6*LOG10(MAX(A12,0.3)) -> -32 | C12: =IF(B12>-50,"Strong",IF(B12>-65,"Medium",IF(B12>-80,"Weak","No Read"))) -> Strong | D12: =IF(A12<=$B$7,"YES","NO") -> YES
A13: 1.5 | B13: =$B$5-10*$B$6*LOG10(MAX(A13,0.3)) -> -36.22619 | C13: =IF(B13>-50,"Strong",IF(B13>-65,"Medium",IF(B13>-80,"Weak","No Read"))) -> Strong | D13: =IF(A13<=$B$7,"YES","NO") -> YES
A14: 2 | B14: =$B$5-10*$B$6*LOG10(MAX(A14,0.3)) -> -39.22472 | C14: =IF(B14>-50,"Strong",IF(B14>-65,"Medium",IF(B14>-80,"Weak","No Read"))) -> Strong | D14: =IF(A14<=$B$7,"YES","NO") -> YES
A15: 2.5 | B15: =$B$5-10*$B$6*LOG10(MAX(A15,0.3)) -> -41.55056 | C15: =IF(B15>-50,"Strong",IF(B15>-65,"Medium",IF(B15>-80,"Weak","No Read"))) -> Strong | D15: =IF(A15<=$B$7,"YES","NO") -> YES
A16: 3 | B16: =$B$5-10*$B$6*LOG10(MAX(A16,0.3)) -> -43.45091 | C16: =IF(B16>-50,"Strong",IF(B16>-65,"Medium",IF(B16>-80,"Weak","No Read"))) -> Strong | D16: =IF(A16<=$B$7,"YES","NO") -> YES
A17: 4 | B17: =$B$5-10*$B$6*LOG10(MAX(A17,0.3)) -> -46.44944 | C17: =IF(B17>-50,"Strong",IF(B17>-65,"Medium",IF(B17>-80,"Weak","No Read"))) -> Strong | D17: =IF(A17<=$B$7,"YES","NO") -> YES
A18: 5 | B18: =$B$5-10*$B$6*LOG10(MAX(A18,0.3)) -> -48.77528 | C18: =IF(B18>-50,"Strong",IF(B18>-65,"Medium",IF(B18>-80,"Weak","No Read"))) -> Strong | D18: =IF(A18<=$B$7,"YES","NO") -> YES
A19: 6 | B19: =$B$5-10*$B$6*LOG10(MAX(A19,0.3)) -> -50.67563 | C19: =IF(B19>-50,"Strong",IF(B19>-65,"Medium",IF(B19>-80,"Weak","No Read"))) -> Medium | D19: =IF(A19<=$B$7,"YES","NO") -> YES
A20: 7 | B20: =$B$5-10*$B$6*LOG10(MAX(A20,0.3)) -> -52.282353 | C20: =IF(B20>-50,"Strong",IF(B20>-65,"Medium",IF(B20>-80,"Weak","No Read"))) -> Medium | D20: =IF(A20<=$B$7,"YES","NO") -> YES
A21: 8 | B21: =$B$5-10*$B$6*LOG10(MAX(A21,0.3)) -> -53.67416 | C21: =IF(B21>-50,"Strong",IF(B21>-65,"Medium",IF(B21>-80,"Weak","No Read"))) -> Medium | D21: =IF(A21<=$B$7,"YES","NO") -> YES
A22: 9 | B22: =$B$5-10*$B$6*LOG10(MAX(A22,0.3)) -> -54.90182 | C22: =IF(B22>-50,"Strong",IF(B22>-65,"Medium",IF(B22>-80,"Weak","No Read"))) -> Medium | D22: =IF(A22<=$B$7,"YES","NO") -> NO
A23: 10 | B23: =$B$5-10*$B$6*LOG10(MAX(A23,0.3)) -> -56 | C23: =IF(B23>-50,"Strong",IF(B23>-65,"Medium",IF(B23>-80,"Weak","No Read"))) -> Medium | D23: =IF(A23<=$B$7,"YES","NO") -> NO
A26: Interactive RSSI Calculator
A27: Enter distance (m): | B27: 3
A28: → Expected RSSI (dBm): | B28: =$B$5-10*$B$6*LOG10(MAX(B27,0.3)) -> -43.45091
A29: → Quality: | B29: =IF(B28>-50,"Strong",IF(B28>-65,"Medium",IF(B28>-80,"Weak","No Read"))) -> Strong

Sheet Read Log
A1: timestamp_iso | B1: local_time | C1: event | D1: mac | E1: reader | F1: antenna | G1: epc | H1: gtin | I1: serial | J1: tag_name | K1: zone | L1: rssi_dbm | N1: Quick Stats (auto-updates as you paste data below)
A2: — paste CSV export from the dashboard here — | N2: Total events | O2: =COUNTA(C3:C10000) -> 3
A3: 2026-05-14T20:00:01.123Z | B3: 20:00:01.123 | C3: READ | D3: 16:12:D5 | E3: R1 | F3: ANT-01 | G3: 30340EC5E40EA60000000001 | H3: 00242041150003 | I3: 00001 | J3: Blue dot | K3: A | L3: -38.2 | N3: READ events | O3: =COUNTIF(C:C,"READ") -> 2
A4: 2026-05-14T20:00:01.456Z | B4: 20:00:01.456 | C4: READ | D4: 13:A6:DF | E4: R1 | F4: ANT-02 | G4: 30340EC5E40EA60000000002 | H4: 00242041150003 | I4: 00002 | J4: Red dot | K4: B | L4: -41.7 | N4: ENTER events | O4: =COUNTIF(C:C,"ENTER") -> 1
A5: 2026-05-14T20:00:01.789Z | B5: 20:00:01.789 | C5: ENTER | D5: 13:A6:48 | E5: R2 | F5: ANT-03 | G5: 30340EC5E40EA60000000003 | H5: 00242041150003 | I5: 00003 | J5: Yellow dot | K5: C | L5: -45.1 | N5: EXIT events | O5: =COUNTIF(C:C,"EXIT") -> 0
N6: Unique EPCs | O6: =SUMPRODUCT((G3:G10000<>"")/COUNTIF(G3:G10000,G3:G10000&"")) -> 3
N7: Avg RSSI | O7: =IFERROR(AVERAGE(L3:L10000),"—") -> -41.666667
N8: Min RSSI | O8: =IFERROR(MIN(L3:L10000),"—") -> -45.1
N9: Max RSSI | O9: =IFERROR(MAX(L3:L10000),"—") -> -38.2
